Axis,Slope,Offset
X,0.00477699916332,0.00130312084763
Y,-0.000571701174813,0.000428304199091
Z,4.1284996454e-06,0.000192093170592
